order_id,order_value,status,delivery_time,timestamp,restaurant_id
O1,410,cancelled,49,2026-03-19 09:55:10,R3665
O2,302,cancelled,40,2026-03-08 09:55:10,R8191
O3,155,delivered,58,2026-03-22 09:55:10,R2656
O4,359,cancelled,21,2026-03-22 09:55:10,R4460
O5,492,cancelled,49,2026-03-08 09:55:10,R9130
O6,337,delivered,52,2026-03-27 09:55:10,R824
O7,374,cancelled,44,2026-03-14 09:55:10,R556
O8,237,cancelled,37,2026-03-12 09:55:10,R3747
O9,478,cancelled,24,2026-03-28 09:55:10,R2255
O10,312,cancelled,20,2026-03-12 09:55:10,R5618
O11,109,delivered,34,2026-03-02 09:55:10,R2790
O12,355,delivered,55,2026-03-07 09:55:10,R5701
O13,187,delivered,21,2026-03-26 09:55:10,R5544
O14,429,cancelled,51,2026-02-28 09:55:10,R7625
O15,328,cancelled,54,2026-03-20 09:55:10,R2266
O16,398,cancelled,32,2026-03-14 09:55:10,R652
O17,229,cancelled,32,2026-03-03 09:55:10,R6418
O18,137,delivered,54,2026-03-13 09:55:10,R59
O19,493,delivered,41,2026-03-15 09:55:10,R1048
O20,168,cancelled,46,2026-03-02 09:55:10,R111
O21,479,delivered,37,2026-03-20 09:55:10,R1750
O22,382,cancelled,28,2026-03-07 09:55:10,R5038
O23,170,delivered,31,2026-03-16 09:55:10,R7633
O24,224,delivered,31,2026-03-23 09:55:10,R3458
O25,498,cancelled,60,2026-03-11 09:55:10,R7534
O26,221,delivered,44,2026-02-28 09:55:10,R3302
O27,265,cancelled,32,2026-03-05 09:55:10,R9216
O28,273,delivered,49,2026-03-06 09:55:10,R7212
O29,359,cancelled,22,2026-03-16 09:55:10,R6715
O30,304,cancelled,56,2026-03-14 09:55:10,R1667
O31,121,cancelled,28,2026-03-11 09:55:10,R4870
O32,115,delivered,36,2026-03-12 09:55:10,R117
O33,233,cancelled,25,2026-03-02 09:55:10,R4910
O34,492,delivered,34,2026-03-11 09:55:10,R7271
O35,314,cancelled,25,2026-02-28 09:55:10,R8132
O36,295,delivered,54,2026-03-19 09:55:10,R1693
O37,144,delivered,49,2026-03-06 09:55:10,R3525
O38,440,delivered,22,2026-02-28 09:55:10,R3909
O39,331,cancelled,30,2026-03-22 09:55:10,R1972
O40,370,cancelled,32,2026-03-16 09:55:10,R6578
O41,124,delivered,58,2026-03-18 09:55:10,R2691
O42,490,cancelled,42,2026-02-27 09:55:10,R1848
O43,330,delivered,41,2026-03-22 09:55:10,R1720
O44,245,cancelled,43,2026-03-19 09:55:10,R687
O45,154,delivered,34,2026-03-20 09:55:10,R6618
O46,358,delivered,33,2026-03-04 09:55:10,R7496
O47,219,cancelled,26,2026-02-27 09:55:10,R7471
O48,250,cancelled,25,2026-03-20 09:55:10,R4673
O49,145,delivered,45,2026-02-27 09:55:10,R6791
O50,437,delivered,47,2026-03-14 09:55:10,R2028
O51,215,delivered,45,2026-03-01 09:55:10,R171
O52,444,delivered,52,2026-03-03 09:55:10,R8974
O53,201,delivered,20,2026-03-03 09:55:10,R3088
O54,257,cancelled,51,2026-03-17 09:55:10,R1598
O55,430,delivered,50,2026-03-04 09:55:10,R4616
O56,286,cancelled,37,2026-03-10 09:55:10,R3114
O57,391,delivered,21,2026-03-02 09:55:10,R7155
O58,375,delivered,29,2026-03-12 09:55:10,R670
O59,349,delivered,31,2026-03-15 09:55:10,R3895
O60,151,cancelled,48,2026-03-09 09:55:10,R703
O61,329,delivered,54,2026-03-01 09:55:10,R7628
O62,410,delivered,48,2026-03-04 09:55:10,R8309
O63,363,cancelled,31,2026-03-09 09:55:10,R1384
O64,212,delivered,26,2026-03-22 09:55:10,R7210
O65,105,delivered,21,2026-03-24 09:55:10,R8249
O66,219,delivered,52,2026-03-11 09:55:10,R7582
O67,382,delivered,30,2026-03-28 09:55:10,R1605
O68,218,cancelled,47,2026-03-21 09:55:10,R5708
O69,463,delivered,35,2026-03-08 09:55:10,R3257
O70,362,cancelled,21,2026-03-01 09:55:10,R7596
O71,256,cancelled,56,2026-03-24 09:55:10,R7
O72,168,cancelled,49,2026-03-24 09:55:10,R5084
O73,334,delivered,37,2026-03-17 09:55:10,R2095
O74,320,delivered,47,2026-03-18 09:55:10,R2124
O75,405,cancelled,44,2026-03-20 09:55:10,R3763
O76,371,delivered,35,2026-03-12 09:55:10,R8860
O77,252,cancelled,37,2026-03-26 09:55:10,R8616
O78,204,delivered,22,2026-03-10 09:55:10,R405
O79,395,delivered,27,2026-03-08 09:55:10,R3775
O80,444,cancelled,43,2026-03-22 09:55:10,R6038
O81,287,delivered,41,2026-03-01 09:55:10,R584
O82,272,delivered,36,2026-03-08 09:55:10,R4618
O83,175,cancelled,46,2026-03-03 09:55:10,R6609
O84,451,delivered,25,2026-03-20 09:55:10,R7523
O85,145,cancelled,58,2026-03-16 09:55:10,R1701
O86,197,cancelled,60,2026-03-26 09:55:10,R3711
O87,332,delivered,53,2026-03-28 09:55:10,R6054
O88,193,delivered,48,2026-03-05 09:55:10,R2883
O89,117,delivered,28,2026-03-20 09:55:10,R4013
O90,391,delivered,23,2026-03-25 09:55:10,R6343
O91,149,cancelled,35,2026-03-02 09:55:10,R5770
O92,402,delivered,40,2026-03-05 09:55:10,R8775
O93,452,cancelled,31,2026-03-12 09:55:10,R4900
O94,460,delivered,26,2026-03-21 09:55:10,R1538
O95,307,cancelled,25,2026-03-17 09:55:10,R2035
O96,404,cancelled,53,2026-03-12 09:55:10,R419
O97,447,delivered,41,2026-03-11 09:55:10,R3238
O98,391,delivered,47,2026-03-14 09:55:10,R6016
O99,486,cancelled,58,2026-03-08 09:55:10,R1028
O100,187,cancelled,47,2026-03-08 09:55:10,R3255
O101,294,cancelled,34,2026-03-27 09:55:10,R4282
O102,326,cancelled,35,2026-03-28 09:55:10,R2459
O103,209,delivered,44,2026-03-21 09:55:10,R2575
O104,114,cancelled,54,2026-03-22 09:55:10,R3403
O105,385,delivered,35,2026-03-22 09:55:10,R2092
O106,289,delivered,57,2026-03-16 09:55:10,R2392
O107,232,cancelled,48,2026-03-12 09:55:10,R1642
O108,161,cancelled,48,2026-02-27 09:55:10,R7038
O109,329,cancelled,33,2026-03-14 09:55:10,R7546
O110,363,cancelled,52,2026-03-28 09:55:10,R9065
O111,488,cancelled,39,2026-03-02 09:55:10,R5096
O112,146,cancelled,29,2026-03-17 09:55:10,R8883
O113,440,delivered,39,2026-03-10 09:55:10,R7639
O114,295,cancelled,35,2026-03-14 09:55:10,R8370
O115,478,cancelled,57,2026-03-27 09:55:10,R3755
O116,404,cancelled,30,2026-03-23 09:55:10,R1616
O117,357,delivered,34,2026-03-23 09:55:10,R5643
O118,377,delivered,52,2026-03-16 09:55:10,R3355
O119,251,delivered,42,2026-03-01 09:55:10,R401
O120,348,cancelled,34,2026-03-01 09:55:10,R2087
O121,261,cancelled,57,2026-03-13 09:55:10,R8466
O122,297,cancelled,41,2026-03-17 09:55:10,R3871
O123,136,cancelled,24,2026-03-10 09:55:10,R6794
O124,241,cancelled,60,2026-03-12 09:55:10,R1253
O125,231,delivered,56,2026-03-27 09:55:10,R974
O126,215,cancelled,36,2026-02-27 09:55:10,R8484
O127,465,cancelled,29,2026-03-17 09:55:10,R284
O128,325,delivered,54,2026-02-28 09:55:10,R1326
O129,208,cancelled,39,2026-03-27 09:55:10,R3776
O130,207,delivered,22,2026-03-26 09:55:10,R2585
O131,199,cancelled,42,2026-03-23 09:55:10,R8813
O132,258,cancelled,60,2026-02-27 09:55:10,R7737
O133,111,delivered,49,2026-03-16 09:55:10,R4355
O134,129,cancelled,42,2026-03-25 09:55:10,R7378
O135,385,cancelled,29,2026-03-03 09:55:10,R1144
O136,154,delivered,35,2026-03-13 09:55:10,R9174
O137,476,cancelled,42,2026-03-05 09:55:10,R1938
O138,177,delivered,45,2026-03-02 09:55:10,R4663
O139,218,delivered,33,2026-03-10 09:55:10,R2214
O140,391,delivered,35,2026-03-10 09:55:10,R6144
O141,390,delivered,30,2026-02-27 09:55:10,R6390
O142,412,cancelled,49,2026-03-09 09:55:10,R4622
O143,308,delivered,57,2026-03-13 09:55:10,R1536
O144,213,cancelled,60,2026-02-27 09:55:10,R3707
O145,403,cancelled,48,2026-03-01 09:55:10,R2794
O146,181,cancelled,37,2026-03-27 09:55:10,R4362
O147,108,cancelled,43,2026-02-27 09:55:10,R7423
O148,343,delivered,37,2026-03-08 09:55:10,R5902
O149,135,delivered,52,2026-03-25 09:55:10,R1908
O150,250,cancelled,43,2026-03-10 09:55:10,R1996
O151,186,delivered,55,2026-03-24 09:55:10,R2652
O152,205,cancelled,25,2026-03-23 09:55:10,R1586
O153,212,cancelled,26,2026-03-15 09:55:10,R5406
O154,199,cancelled,46,2026-03-21 09:55:10,R7765
O155,408,cancelled,27,2026-03-20 09:55:10,R2328
O156,376,delivered,25,2026-03-03 09:55:10,R6020
O157,206,cancelled,26,2026-03-24 09:55:10,R1696
O158,117,delivered,36,2026-03-10 09:55:10,R8266
O159,385,cancelled,45,2026-03-04 09:55:10,R349
O160,186,delivered,49,2026-03-04 09:55:10,R8827
O161,335,delivered,40,2026-03-12 09:55:10,R2639
O162,495,delivered,56,2026-03-03 09:55:10,R790
O163,255,delivered,31,2026-03-22 09:55:10,R3398
O164,420,cancelled,45,2026-03-09 09:55:10,R200
O165,284,delivered,45,2026-03-28 09:55:10,R4708
O166,114,cancelled,22,2026-03-04 09:55:10,R5586
O167,227,cancelled,46,2026-03-13 09:55:10,R8064
O168,361,cancelled,55,2026-03-03 09:55:10,R4130
O169,386,cancelled,26,2026-03-07 09:55:10,R8643
O170,278,cancelled,28,2026-03-16 09:55:10,R2869
O171,383,delivered,33,2026-03-23 09:55:10,R6173
O172,111,delivered,59,2026-03-27 09:55:10,R7752
O173,374,delivered,48,2026-03-23 09:55:10,R7384
O174,314,delivered,51,2026-03-25 09:55:10,R3565
O175,437,cancelled,47,2026-03-07 09:55:10,R2587
O176,117,cancelled,44,2026-03-09 09:55:10,R8050
O177,343,delivered,56,2026-03-06 09:55:10,R5717
O178,387,cancelled,43,2026-03-01 09:55:10,R4828
O179,251,cancelled,20,2026-03-06 09:55:10,R3879
O180,132,cancelled,46,2026-03-28 09:55:10,R531
O181,421,cancelled,60,2026-03-04 09:55:10,R5120
O182,104,cancelled,35,2026-03-22 09:55:10,R1463
O183,422,cancelled,35,2026-03-11 09:55:10,R991
O184,371,delivered,32,2026-03-28 09:55:10,R1543
O185,228,cancelled,49,2026-03-10 09:55:10,R9172
O186,264,delivered,27,2026-02-28 09:55:10,R4165
O187,486,cancelled,55,2026-03-22 09:55:10,R2865
O188,335,delivered,56,2026-03-11 09:55:10,R6776
O189,500,delivered,44,2026-03-13 09:55:10,R6595
O190,320,cancelled,59,2026-03-23 09:55:10,R1794
O191,136,delivered,31,2026-03-04 09:55:10,R2206
O192,261,delivered,39,2026-03-16 09:55:10,R1961
O193,477,delivered,45,2026-03-21 09:55:10,R4297
O194,117,delivered,26,2026-03-05 09:55:10,R1221
O195,337,delivered,60,2026-03-23 09:55:10,R2407
O196,170,cancelled,37,2026-03-17 09:55:10,R3496
O197,198,delivered,36,2026-03-24 09:55:10,R7134
O198,259,delivered,55,2026-03-06 09:55:10,R1404
O199,229,delivered,54,2026-03-07 09:55:10,R5565
O200,339,cancelled,58,2026-03-22 09:55:10,R4973
O201,178,delivered,37,2026-03-08 09:55:10,R5709
O202,403,cancelled,40,2026-03-06 09:55:10,R3241
O203,357,cancelled,60,2026-03-09 09:55:10,R7426
O204,351,delivered,22,2026-03-10 09:55:10,R2132
O205,107,cancelled,47,2026-03-18 09:55:10,R2313
O206,107,cancelled,25,2026-03-03 09:55:10,R6410
O207,468,cancelled,31,2026-03-24 09:55:10,R8884
O208,207,delivered,35,2026-03-14 09:55:10,R3281
O209,397,cancelled,53,2026-03-16 09:55:10,R1212
O210,450,delivered,44,2026-03-21 09:55:10,R7118
O211,223,delivered,26,2026-03-03 09:55:10,R4608
O212,494,delivered,22,2026-03-19 09:55:10,R1211
O213,297,delivered,56,2026-03-01 09:55:10,R8777
O214,143,cancelled,20,2026-03-21 09:55:10,R2564
O215,326,cancelled,21,2026-03-21 09:55:10,R8541
O216,423,cancelled,45,2026-03-27 09:55:10,R456
O217,165,delivered,60,2026-03-01 09:55:10,R5180
O218,384,cancelled,53,2026-03-14 09:55:10,R921
O219,125,delivered,45,2026-03-05 09:55:10,R7346
O220,170,cancelled,59,2026-03-06 09:55:10,R2105
O221,129,delivered,56,2026-03-19 09:55:10,R7534
O222,210,cancelled,39,2026-03-09 09:55:10,R379
O223,107,delivered,20,2026-03-16 09:55:10,R4748
O224,441,cancelled,27,2026-02-27 09:55:10,R7720
O225,231,cancelled,51,2026-03-19 09:55:10,R419
O226,170,cancelled,44,2026-03-17 09:55:10,R5086
O227,367,cancelled,42,2026-02-27 09:55:10,R5849
O228,480,cancelled,31,2026-03-11 09:55:10,R5264
O229,395,cancelled,57,2026-03-24 09:55:10,R7524
O230,414,delivered,20,2026-03-04 09:55:10,R6903
O231,103,delivered,30,2026-03-01 09:55:10,R5090
O232,212,delivered,31,2026-02-28 09:55:10,R4273
O233,262,cancelled,35,2026-03-13 09:55:10,R7096
O234,142,cancelled,44,2026-03-19 09:55:10,R7896
O235,394,cancelled,39,2026-03-12 09:55:10,R8146
O236,494,cancelled,50,2026-03-06 09:55:10,R3309
O237,327,delivered,30,2026-03-13 09:55:10,R428
O238,301,cancelled,50,2026-03-17 09:55:10,R1592
O239,450,cancelled,55,2026-03-16 09:55:10,R4787
O240,414,delivered,55,2026-03-06 09:55:10,R7589
O241,341,delivered,48,2026-03-05 09:55:10,R9191
O242,497,cancelled,30,2026-03-03 09:55:10,R5475
O243,351,cancelled,21,2026-02-28 09:55:10,R7584
O244,350,cancelled,31,2026-03-08 09:55:10,R2256
O245,382,delivered,36,2026-03-21 09:55:10,R3885
O246,379,cancelled,36,2026-03-28 09:55:10,R6833
O247,377,delivered,60,2026-03-05 09:55:10,R1039
O248,399,delivered,45,2026-03-14 09:55:10,R3134
O249,416,delivered,38,2026-03-18 09:55:10,R1640
O250,484,delivered,47,2026-03-10 09:55:10,R3044
O251,302,delivered,40,2026-03-24 09:55:10,R6219
O252,128,delivered,32,2026-03-19 09:55:10,R1274
O253,209,cancelled,40,2026-03-01 09:55:10,R1587
O254,449,delivered,45,2026-03-06 09:55:10,R898
O255,108,delivered,21,2026-03-09 09:55:10,R2992
O256,310,delivered,27,2026-03-08 09:55:10,R5359
O257,151,cancelled,34,2026-03-04 09:55:10,R47
O258,124,cancelled,38,2026-03-06 09:55:10,R5581
O259,263,cancelled,33,2026-03-19 09:55:10,R9138
O260,476,delivered,39,2026-03-04 09:55:10,R1329
O261,249,cancelled,37,2026-03-11 09:55:10,R4489
O262,359,cancelled,39,2026-03-07 09:55:10,R5939
O263,193,cancelled,42,2026-03-17 09:55:10,R8056
O264,304,cancelled,45,2026-03-11 09:55:10,R5982
O265,109,delivered,24,2026-03-21 09:55:10,R5278
O266,455,cancelled,51,2026-03-15 09:55:10,R4269
O267,406,delivered,59,2026-03-01 09:55:10,R3963
O268,264,cancelled,53,2026-03-09 09:55:10,R6294
O269,306,delivered,59,2026-03-26 09:55:10,R8567
O270,200,delivered,58,2026-03-28 09:55:10,R8296
O271,476,cancelled,41,2026-03-03 09:55:10,R5263
O272,238,cancelled,35,2026-03-05 09:55:10,R2608
O273,268,delivered,47,2026-03-23 09:55:10,R5774
O274,238,cancelled,28,2026-03-06 09:55:10,R4752
O275,338,delivered,54,2026-03-22 09:55:10,R3992
O276,275,cancelled,31,2026-03-16 09:55:10,R1414
O277,164,delivered,37,2026-03-21 09:55:10,R6575
O278,288,delivered,60,2026-02-28 09:55:10,R466
O279,420,delivered,31,2026-03-01 09:55:10,R8815
O280,215,cancelled,59,2026-02-28 09:55:10,R4430
O281,191,delivered,26,2026-03-21 09:55:10,R1431
O282,209,delivered,47,2026-03-03 09:55:10,R7868
O283,325,cancelled,20,2026-03-20 09:55:10,R3231
O284,397,cancelled,26,2026-03-21 09:55:10,R6993
O285,484,cancelled,44,2026-03-08 09:55:10,R6978
O286,332,delivered,42,2026-03-17 09:55:10,R5097
O287,459,delivered,30,2026-03-07 09:55:10,R6469
O288,370,delivered,28,2026-03-27 09:55:10,R8598
O289,128,delivered,59,2026-03-12 09:55:10,R9076
O290,175,delivered,42,2026-03-15 09:55:10,R8829
O291,303,delivered,57,2026-03-23 09:55:10,R4684
O292,255,cancelled,38,2026-03-18 09:55:10,R3383
O293,316,delivered,37,2026-03-03 09:55:10,R6061
O294,289,delivered,54,2026-03-16 09:55:10,R7331
O295,471,cancelled,24,2026-03-06 09:55:10,R8816
O296,120,delivered,46,2026-03-17 09:55:10,R80
O297,391,cancelled,59,2026-03-28 09:55:10,R2298
O298,494,cancelled,34,2026-03-02 09:55:10,R886
O299,144,delivered,60,2026-03-08 09:55:10,R3156
O300,268,delivered,29,2026-03-09 09:55:10,R5880
O301,497,cancelled,22,2026-03-04 09:55:10,R6729
O302,492,cancelled,23,2026-03-02 09:55:10,R6727
O303,342,cancelled,30,2026-03-21 09:55:10,R9062
O304,286,delivered,39,2026-03-02 09:55:10,R2750
O305,333,cancelled,45,2026-03-06 09:55:10,R5274
O306,384,delivered,32,2026-03-20 09:55:10,R6471
O307,473,cancelled,42,2026-03-10 09:55:10,R5799
O308,306,cancelled,53,2026-03-04 09:55:10,R4061
O309,133,cancelled,22,2026-03-27 09:55:10,R990
O310,233,cancelled,50,2026-03-12 09:55:10,R694
O311,364,delivered,49,2026-03-22 09:55:10,R9186
O312,414,delivered,59,2026-03-03 09:55:10,R2601
O313,191,delivered,57,2026-03-13 09:55:10,R6186
O314,167,delivered,27,2026-03-17 09:55:10,R5096
O315,203,cancelled,56,2026-03-18 09:55:10,R6179
O316,168,cancelled,49,2026-03-27 09:55:10,R199
O317,257,delivered,37,2026-03-28 09:55:10,R4140
O318,339,cancelled,33,2026-03-28 09:55:10,R2263
O319,129,cancelled,55,2026-03-18 09:55:10,R6184
O320,429,delivered,35,2026-03-06 09:55:10,R6486
O321,370,delivered,50,2026-03-14 09:55:10,R1007
O322,408,cancelled,55,2026-02-28 09:55:10,R9162
O323,495,delivered,30,2026-03-06 09:55:10,R676
O324,101,delivered,51,2026-03-22 09:55:10,R1327
O325,122,cancelled,44,2026-03-17 09:55:10,R5089
O326,154,delivered,24,2026-03-20 09:55:10,R6553
O327,423,cancelled,36,2026-03-14 09:55:10,R1349
O328,419,cancelled,29,2026-03-12 09:55:10,R5038
O329,153,delivered,58,2026-03-24 09:55:10,R6043
O330,342,delivered,55,2026-03-03 09:55:10,R5817
O331,307,delivered,25,2026-03-11 09:55:10,R3362
O332,121,delivered,48,2026-03-11 09:55:10,R7064
O333,104,delivered,29,2026-03-07 09:55:10,R3031
O334,401,cancelled,37,2026-02-28 09:55:10,R887
O335,145,cancelled,33,2026-03-28 09:55:10,R1918
O336,385,delivered,46,2026-03-12 09:55:10,R3990
O337,310,delivered,43,2026-03-20 09:55:10,R4630
O338,276,delivered,33,2026-03-27 09:55:10,R6311
O339,442,cancelled,49,2026-03-07 09:55:10,R1210
O340,169,delivered,27,2026-03-08 09:55:10,R7998
O341,359,delivered,25,2026-03-03 09:55:10,R7722
O342,317,cancelled,28,2026-02-28 09:55:10,R1941
O343,280,cancelled,52,2026-03-23 09:55:10,R7550
O344,358,delivered,49,2026-03-22 09:55:10,R5819
O345,210,cancelled,47,2026-03-08 09:55:10,R6044
O346,301,cancelled,31,2026-03-22 09:55:10,R1687
O347,282,delivered,31,2026-03-15 09:55:10,R2733
O348,379,delivered,20,2026-03-27 09:55:10,R6951
O349,364,cancelled,54,2026-03-13 09:55:10,R1451
O350,132,cancelled,26,2026-03-24 09:55:10,R6783
O351,254,delivered,60,2026-02-27 09:55:10,R8373
O352,389,delivered,29,2026-03-17 09:55:10,R1132
O353,396,delivered,27,2026-03-14 09:55:10,R2224
O354,253,delivered,33,2026-03-24 09:55:10,R8601
O355,416,delivered,53,2026-03-17 09:55:10,R2471
O356,313,delivered,22,2026-02-28 09:55:10,R7051
O357,323,delivered,26,2026-03-23 09:55:10,R779
O358,392,cancelled,53,2026-03-02 09:55:10,R14
O359,476,delivered,23,2026-03-08 09:55:10,R7984
O360,449,delivered,44,2026-03-24 09:55:10,R1480
O361,165,cancelled,32,2026-02-27 09:55:10,R9212
O362,214,delivered,40,2026-03-01 09:55:10,R220
O363,346,delivered,38,2026-03-16 09:55:10,R3880
O364,336,delivered,40,2026-02-28 09:55:10,R7328
O365,476,cancelled,54,2026-03-15 09:55:10,R7777
O366,414,cancelled,41,2026-03-12 09:55:10,R980
O367,337,delivered,32,2026-03-27 09:55:10,R6226
O368,295,delivered,37,2026-03-06 09:55:10,R2308
O369,153,delivered,38,2026-03-24 09:55:10,R5299
O370,499,cancelled,28,2026-03-26 09:55:10,R476
O371,131,cancelled,27,2026-03-09 09:55:10,R5216
O372,243,delivered,56,2026-03-14 09:55:10,R4137
O373,415,cancelled,55,2026-03-12 09:55:10,R7350
O374,167,delivered,32,2026-03-04 09:55:10,R432
O375,369,delivered,34,2026-03-24 09:55:10,R113
O376,422,cancelled,36,2026-02-28 09:55:10,R4216
O377,100,cancelled,51,2026-03-18 09:55:10,R4915
O378,220,cancelled,27,2026-03-01 09:55:10,R6512
O379,219,delivered,31,2026-03-17 09:55:10,R632
O380,144,cancelled,56,2026-03-17 09:55:10,R5959
O381,358,cancelled,27,2026-03-12 09:55:10,R8887
O382,422,cancelled,60,2026-03-25 09:55:10,R9149
O383,187,cancelled,57,2026-03-16 09:55:10,R7206
O384,476,delivered,30,2026-03-06 09:55:10,R6166
O385,118,delivered,58,2026-03-09 09:55:10,R2399
O386,480,cancelled,46,2026-03-12 09:55:10,R968
O387,145,delivered,40,2026-03-10 09:55:10,R6311
O388,148,cancelled,47,2026-03-21 09:55:10,R2971
O389,281,delivered,24,2026-03-15 09:55:10,R8326
O390,437,cancelled,37,2026-03-17 09:55:10,R3674
O391,274,cancelled,60,2026-03-12 09:55:10,R9178
O392,364,cancelled,41,2026-03-11 09:55:10,R7346
O393,380,delivered,53,2026-03-13 09:55:10,R5930
O394,250,cancelled,39,2026-03-10 09:55:10,R5120
O395,389,delivered,22,2026-03-08 09:55:10,R7428
O396,220,delivered,25,2026-03-27 09:55:10,R8691
O397,461,cancelled,39,2026-03-23 09:55:10,R495
O398,304,delivered,36,2026-03-12 09:55:10,R3002
O399,110,cancelled,30,2026-03-23 09:55:10,R5957
O400,419,delivered,60,2026-03-11 09:55:10,R1222
O401,265,delivered,55,2026-03-10 09:55:10,R645
O402,290,cancelled,47,2026-03-12 09:55:10,R5225
O403,448,delivered,50,2026-03-12 09:55:10,R5121
O404,471,delivered,47,2026-03-02 09:55:10,R6939
O405,220,cancelled,52,2026-03-23 09:55:10,R3023
O406,193,cancelled,29,2026-03-26 09:55:10,R1486
O407,411,delivered,44,2026-02-28 09:55:10,R1843
O408,328,delivered,38,2026-03-20 09:55:10,R8441
O409,212,delivered,23,2026-03-06 09:55:10,R1922
O410,414,delivered,31,2026-03-08 09:55:10,R4234
O411,457,delivered,59,2026-03-27 09:55:10,R4598
O412,204,cancelled,34,2026-03-02 09:55:10,R5388
O413,421,delivered,52,2026-03-01 09:55:10,R1009
O414,214,cancelled,28,2026-03-12 09:55:10,R3623
O415,351,cancelled,45,2026-03-10 09:55:10,R6863
O416,161,delivered,32,2026-03-25 09:55:10,R3316
O417,108,cancelled,54,2026-03-13 09:55:10,R5103
O418,390,delivered,32,2026-03-20 09:55:10,R6453
O419,495,delivered,47,2026-03-03 09:55:10,R3289
O420,326,delivered,20,2026-03-10 09:55:10,R2414
O421,280,delivered,21,2026-03-15 09:55:10,R3133
O422,411,delivered,50,2026-03-22 09:55:10,R3253
O423,487,delivered,60,2026-03-07 09:55:10,R8076
O424,194,delivered,21,2026-03-15 09:55:10,R4895
O425,137,cancelled,40,2026-03-28 09:55:10,R457
O426,282,delivered,31,2026-03-19 09:55:10,R8812
O427,180,cancelled,37,2026-03-05 09:55:10,R712
O428,287,cancelled,36,2026-03-08 09:55:10,R2533
O429,408,cancelled,38,2026-03-26 09:55:10,R2881
O430,412,cancelled,40,2026-03-05 09:55:10,R5475
O431,463,delivered,32,2026-03-18 09:55:10,R293
O432,457,delivered,31,2026-03-03 09:55:10,R2144
O433,306,cancelled,41,2026-03-23 09:55:10,R3296
O434,147,delivered,33,2026-03-19 09:55:10,R4129
O435,325,delivered,27,2026-03-27 09:55:10,R8576
O436,413,cancelled,32,2026-03-25 09:55:10,R3198
O437,297,cancelled,39,2026-03-03 09:55:10,R1109
O438,488,cancelled,20,2026-02-28 09:55:10,R3756
O439,369,delivered,59,2026-03-28 09:55:10,R1202
O440,500,cancelled,50,2026-03-25 09:55:10,R6204
O441,376,cancelled,42,2026-03-22 09:55:10,R5916
O442,196,cancelled,37,2026-03-10 09:55:10,R300
O443,135,delivered,51,2026-03-17 09:55:10,R4920
O444,152,delivered,39,2026-03-10 09:55:10,R8879
O445,440,delivered,49,2026-03-14 09:55:10,R552
O446,410,delivered,27,2026-03-24 09:55:10,R4119
O447,291,cancelled,21,2026-03-24 09:55:10,R536
O448,402,delivered,48,2026-03-27 09:55:10,R3207
O449,436,delivered,32,2026-03-25 09:55:10,R2456
O450,412,cancelled,59,2026-03-17 09:55:10,R2562
O451,141,delivered,45,2026-03-15 09:55:10,R4244
O452,245,cancelled,58,2026-03-05 09:55:10,R6377
O453,209,cancelled,33,2026-03-06 09:55:10,R6309
O454,298,delivered,40,2026-03-11 09:55:10,R4126
O455,166,delivered,26,2026-02-28 09:55:10,R4091
O456,173,delivered,38,2026-03-17 09:55:10,R38
O457,301,delivered,56,2026-03-03 09:55:10,R7246
O458,349,delivered,25,2026-03-07 09:55:10,R6076
O459,375,delivered,29,2026-03-07 09:55:10,R847
O460,113,delivered,26,2026-03-21 09:55:10,R2973
O461,354,cancelled,53,2026-03-28 09:55:10,R5026
O462,188,cancelled,39,2026-03-27 09:55:10,R1912
O463,403,delivered,57,2026-03-01 09:55:10,R5340
O464,181,delivered,56,2026-03-11 09:55:10,R1322
O465,228,cancelled,35,2026-03-24 09:55:10,R8494
O466,477,delivered,47,2026-03-02 09:55:10,R4836
O467,480,cancelled,32,2026-02-27 09:55:10,R3394
O468,449,delivered,51,2026-03-23 09:55:10,R1241
O469,421,delivered,41,2026-03-01 09:55:10,R3111
O470,120,cancelled,60,2026-03-27 09:55:10,R901
O471,262,cancelled,42,2026-03-25 09:55:10,R6282
O472,295,cancelled,22,2026-03-08 09:55:10,R5502
O473,414,cancelled,21,2026-03-26 09:55:10,R7321
O474,429,delivered,60,2026-03-07 09:55:10,R7366
O475,100,cancelled,51,2026-03-11 09:55:10,R1123
O476,197,delivered,56,2026-03-13 09:55:10,R4505
O477,204,cancelled,32,2026-03-05 09:55:10,R6011
O478,269,delivered,29,2026-03-27 09:55:10,R3055
O479,139,cancelled,27,2026-03-06 09:55:10,R5808
O480,208,delivered,46,2026-03-01 09:55:10,R3616
O481,106,delivered,26,2026-03-12 09:55:10,R521
O482,257,delivered,20,2026-03-04 09:55:10,R1634
O483,236,delivered,44,2026-03-19 09:55:10,R3543
O484,430,cancelled,49,2026-03-25 09:55:10,R74
O485,211,delivered,23,2026-03-11 09:55:10,R8185
O486,398,cancelled,52,2026-03-12 09:55:10,R418
O487,251,cancelled,49,2026-03-08 09:55:10,R382
O488,454,cancelled,24,2026-03-19 09:55:10,R5259
O489,298,cancelled,24,2026-03-07 09:55:10,R5765
O490,161,cancelled,35,2026-03-04 09:55:10,R4849
O491,486,delivered,46,2026-03-26 09:55:10,R4560
O492,340,cancelled,24,2026-03-07 09:55:10,R7745
O493,410,delivered,42,2026-03-23 09:55:10,R6650
O494,149,delivered,47,2026-03-27 09:55:10,R7311
O495,150,cancelled,32,2026-03-23 09:55:10,R6736
O496,111,cancelled,38,2026-02-27 09:55:10,R4224
O497,424,cancelled,44,2026-03-02 09:55:10,R758
O498,292,cancelled,45,2026-03-20 09:55:10,R566
O499,250,cancelled,39,2026-03-11 09:55:10,R5322
O500,131,delivered,31,2026-03-15 09:55:10,R1610
O501,196,delivered,43,2026-03-05 09:55:10,R2329
O502,376,cancelled,29,2026-03-12 09:55:10,R1030
O503,116,delivered,29,2026-03-26 09:55:10,R7477
O504,254,cancelled,34,2026-03-01 09:55:10,R4002
O505,429,delivered,21,2026-03-19 09:55:10,R814
O506,424,delivered,35,2026-03-21 09:55:10,R1834
O507,282,cancelled,37,2026-03-13 09:55:10,R6228
O508,406,delivered,37,2026-03-06 09:55:10,R3946
O509,210,delivered,57,2026-03-03 09:55:10,R2937
O510,117,delivered,27,2026-03-27 09:55:10,R5474
O511,451,delivered,34,2026-03-25 09:55:10,R8057
O512,236,delivered,33,2026-03-08 09:55:10,R6456
O513,299,delivered,42,2026-02-28 09:55:10,R4170
O514,258,cancelled,30,2026-03-09 09:55:10,R696
O515,251,cancelled,46,2026-03-10 09:55:10,R2426
O516,453,delivered,46,2026-03-19 09:55:10,R7555
O517,465,cancelled,30,2026-03-13 09:55:10,R718
O518,433,cancelled,37,2026-03-14 09:55:10,R7843
O519,463,delivered,55,2026-02-27 09:55:10,R3892
O520,200,delivered,53,2026-03-28 09:55:10,R6127
O521,478,cancelled,30,2026-03-15 09:55:10,R5315
O522,301,delivered,33,2026-03-20 09:55:10,R6634
O523,191,delivered,27,2026-03-15 09:55:10,R4728
O524,439,cancelled,60,2026-03-19 09:55:10,R4672
O525,192,cancelled,27,2026-03-11 09:55:10,R7778
O526,491,delivered,35,2026-02-27 09:55:10,R6163
O527,264,delivered,48,2026-03-22 09:55:10,R7753
O528,145,delivered,40,2026-03-04 09:55:10,R6080
O529,113,cancelled,58,2026-03-06 09:55:10,R7197
O530,164,cancelled,30,2026-03-25 09:55:10,R8354
O531,291,delivered,56,2026-03-07 09:55:10,R6376
O532,308,delivered,41,2026-03-23 09:55:10,R3095
O533,328,delivered,30,2026-02-28 09:55:10,R5667
O534,317,cancelled,33,2026-03-19 09:55:10,R8345
O535,326,cancelled,58,2026-03-19 09:55:10,R1245
O536,256,cancelled,34,2026-02-27 09:55:10,R7721
O537,385,cancelled,25,2026-03-01 09:55:10,R5182
O538,374,delivered,43,2026-03-15 09:55:10,R5232
O539,432,cancelled,23,2026-03-13 09:55:10,R6832
O540,397,delivered,28,2026-03-07 09:55:10,R8118
O541,312,delivered,24,2026-03-24 09:55:10,R4105
O542,420,delivered,20,2026-03-06 09:55:10,R3191
O543,461,delivered,30,2026-03-26 09:55:10,R5429
O544,123,cancelled,30,2026-03-23 09:55:10,R8795
O545,199,delivered,47,2026-03-25 09:55:10,R8415
O546,352,cancelled,29,2026-03-10 09:55:10,R3313
O547,102,delivered,22,2026-03-26 09:55:10,R6669
O548,203,delivered,52,2026-03-26 09:55:10,R7907
O549,446,cancelled,39,2026-03-23 09:55:10,R7058
O550,102,delivered,53,2026-03-19 09:55:10,R1429
O551,115,delivered,29,2026-03-17 09:55:10,R2091
O552,211,delivered,39,2026-03-05 09:55:10,R2253
O553,233,delivered,59,2026-03-03 09:55:10,R5422
O554,462,delivered,43,2026-03-05 09:55:10,R2870
O555,189,cancelled,49,2026-03-20 09:55:10,R8949
O556,188,delivered,58,2026-03-28 09:55:10,R6742
O557,477,cancelled,37,2026-03-20 09:55:10,R1242
O558,307,delivered,21,2026-03-18 09:55:10,R2340
O559,119,cancelled,45,2026-03-21 09:55:10,R8536
O560,256,cancelled,23,2026-03-08 09:55:10,R5727
O561,253,cancelled,47,2026-03-07 09:55:10,R7636
O562,188,delivered,21,2026-02-27 09:55:10,R5983
O563,276,cancelled,51,2026-03-18 09:55:10,R9090
O564,148,cancelled,24,2026-03-09 09:55:10,R7965
O565,174,cancelled,39,2026-03-28 09:55:10,R6260
O566,412,cancelled,30,2026-03-23 09:55:10,R41
O567,170,delivered,22,2026-03-01 09:55:10,R7578
O568,464,delivered,31,2026-03-18 09:55:10,R2760
O569,497,cancelled,35,2026-03-10 09:55:10,R6444
O570,389,delivered,24,2026-03-17 09:55:10,R5501
O571,436,cancelled,57,2026-03-20 09:55:10,R3842
O572,115,delivered,60,2026-03-18 09:55:10,R8997
O573,369,cancelled,21,2026-03-22 09:55:10,R8785
O574,237,delivered,50,2026-03-19 09:55:10,R6312
O575,110,cancelled,20,2026-03-17 09:55:10,R2006
O576,278,cancelled,45,2026-03-13 09:55:10,R3337
O577,381,cancelled,20,2026-03-12 09:55:10,R3824
O578,216,delivered,26,2026-03-09 09:55:10,R3461
O579,200,cancelled,50,2026-03-10 09:55:10,R3783
O580,108,cancelled,49,2026-03-05 09:55:10,R167
O581,259,delivered,51,2026-03-28 09:55:10,R7823
O582,282,delivered,39,2026-03-26 09:55:10,R4460
O583,131,delivered,47,2026-03-28 09:55:10,R527
O584,264,delivered,59,2026-03-14 09:55:10,R7110
O585,186,cancelled,53,2026-03-02 09:55:10,R597
O586,117,cancelled,35,2026-03-05 09:55:10,R2926
O587,202,delivered,43,2026-03-05 09:55:10,R1682
O588,203,cancelled,29,2026-03-05 09:55:10,R5905
O589,244,delivered,57,2026-03-18 09:55:10,R1434
O590,184,delivered,53,2026-03-07 09:55:10,R4961
O591,176,cancelled,58,2026-03-20 09:55:10,R5848
O592,160,delivered,44,2026-03-11 09:55:10,R3392
O593,210,cancelled,27,2026-03-02 09:55:10,R6710
O594,293,delivered,25,2026-03-21 09:55:10,R9042
O595,444,delivered,53,2026-03-27 09:55:10,R6805
O596,317,cancelled,43,2026-03-12 09:55:10,R8122
O597,141,cancelled,29,2026-03-24 09:55:10,R7607
O598,434,cancelled,46,2026-03-05 09:55:10,R7737
O599,261,cancelled,29,2026-03-21 09:55:10,R6305
O600,174,delivered,56,2026-03-02 09:55:10,R244
O601,221,delivered,56,2026-03-27 09:55:10,R2420
O602,216,cancelled,54,2026-03-27 09:55:10,R4035
O603,172,cancelled,53,2026-03-05 09:55:10,R8015
O604,280,delivered,54,2026-03-05 09:55:10,R1983
O605,114,cancelled,46,2026-03-08 09:55:10,R6717
O606,181,delivered,22,2026-03-05 09:55:10,R2872
O607,241,cancelled,26,2026-03-21 09:55:10,R2953
O608,379,cancelled,35,2026-03-11 09:55:10,R7083
O609,183,cancelled,26,2026-03-24 09:55:10,R2811
O610,265,cancelled,48,2026-03-14 09:55:10,R2884
O611,267,delivered,41,2026-03-21 09:55:10,R956
O612,239,delivered,53,2026-03-28 09:55:10,R3834
O613,373,delivered,33,2026-02-28 09:55:10,R1868
O614,359,cancelled,55,2026-03-01 09:55:10,R6830
O615,372,cancelled,52,2026-03-19 09:55:10,R4168
O616,154,cancelled,48,2026-03-23 09:55:10,R4197
O617,321,cancelled,50,2026-03-09 09:55:10,R5917
O618,370,delivered,26,2026-03-28 09:55:10,R3975
O619,273,cancelled,42,2026-03-19 09:55:10,R246
O620,268,delivered,24,2026-03-07 09:55:10,R2293
O621,430,cancelled,37,2026-03-09 09:55:10,R7126
O622,177,delivered,47,2026-03-07 09:55:10,R2307
O623,337,delivered,20,2026-03-25 09:55:10,R446
O624,127,delivered,38,2026-03-15 09:55:10,R3794
O625,116,cancelled,54,2026-03-17 09:55:10,R6092
O626,268,delivered,29,2026-02-27 09:55:10,R4419
O627,224,delivered,56,2026-03-06 09:55:10,R1760
O628,324,cancelled,45,2026-03-10 09:55:10,R5158
O629,175,cancelled,27,2026-03-10 09:55:10,R3902
O630,326,delivered,53,2026-03-23 09:55:10,R6458
O631,487,delivered,20,2026-03-16 09:55:10,R3767
O632,250,cancelled,59,2026-03-07 09:55:10,R2389
O633,226,cancelled,27,2026-03-08 09:55:10,R922
O634,461,delivered,53,2026-03-24 09:55:10,R1767
O635,450,cancelled,33,2026-03-26 09:55:10,R1105
O636,226,cancelled,45,2026-03-16 09:55:10,R8936
O637,431,delivered,56,2026-03-04 09:55:10,R6313
O638,210,delivered,59,2026-03-11 09:55:10,R5430
O639,491,cancelled,51,2026-03-22 09:55:10,R3666
O640,272,delivered,42,2026-03-10 09:55:10,R7807
O641,188,cancelled,52,2026-03-16 09:55:10,R4310
O642,409,cancelled,58,2026-03-22 09:55:10,R6660
O643,315,cancelled,28,2026-03-02 09:55:10,R8408
O644,145,delivered,60,2026-03-13 09:55:10,R2277
O645,461,delivered,26,2026-03-15 09:55:10,R6949
O646,133,cancelled,41,2026-03-07 09:55:10,R4472
O647,126,delivered,41,2026-03-20 09:55:10,R4241
O648,400,delivered,44,2026-03-28 09:55:10,R4696
O649,242,cancelled,20,2026-03-13 09:55:10,R6588
O650,344,delivered,34,2026-03-22 09:55:10,R7538
O651,293,delivered,40,2026-03-18 09:55:10,R7209
O652,282,cancelled,37,2026-02-27 09:55:10,R7237
O653,472,cancelled,31,2026-03-18 09:55:10,R7402
O654,225,cancelled,26,2026-02-28 09:55:10,R1296
O655,500,cancelled,52,2026-03-11 09:55:10,R6859
O656,322,cancelled,45,2026-03-10 09:55:10,R4891
O657,419,cancelled,30,2026-03-02 09:55:10,R362
O658,271,delivered,41,2026-03-20 09:55:10,R557
O659,137,cancelled,55,2026-03-06 09:55:10,R5375
O660,383,cancelled,43,2026-03-24 09:55:10,R7821
O661,414,delivered,28,2026-03-18 09:55:10,R1447
O662,240,delivered,49,2026-03-02 09:55:10,R3572
O663,427,delivered,46,2026-03-18 09:55:10,R6904
O664,160,delivered,60,2026-03-24 09:55:10,R9094
O665,386,delivered,45,2026-03-11 09:55:10,R3369
O666,118,delivered,28,2026-03-21 09:55:10,R3164
O667,497,cancelled,43,2026-03-08 09:55:10,R6133
O668,250,delivered,22,2026-03-05 09:55:10,R546
O669,404,delivered,41,2026-03-07 09:55:10,R2395
O670,164,delivered,29,2026-03-08 09:55:10,R6183
O671,457,cancelled,51,2026-02-28 09:55:10,R8682
O672,427,cancelled,59,2026-03-24 09:55:10,R1572
O673,124,cancelled,47,2026-03-12 09:55:10,R1422
O674,263,cancelled,54,2026-03-05 09:55:10,R7939
O675,305,cancelled,33,2026-03-08 09:55:10,R3757
O676,481,cancelled,60,2026-03-14 09:55:10,R5254
O677,383,cancelled,41,2026-03-14 09:55:10,R5211
O678,259,cancelled,20,2026-03-16 09:55:10,R2024
O679,490,delivered,39,2026-03-03 09:55:10,R5994
O680,276,cancelled,29,2026-03-28 09:55:10,R4985
O681,198,delivered,50,2026-03-14 09:55:10,R6129
O682,301,delivered,44,2026-03-20 09:55:10,R4461
O683,137,delivered,20,2026-03-21 09:55:10,R3575
O684,221,cancelled,52,2026-03-10 09:55:10,R4791
O685,109,delivered,39,2026-03-08 09:55:10,R152
O686,220,cancelled,55,2026-02-27 09:55:10,R1287
O687,115,cancelled,38,2026-02-27 09:55:10,R4845
O688,183,cancelled,52,2026-03-03 09:55:10,R8364
O689,410,delivered,25,2026-03-14 09:55:10,R6727
O690,383,delivered,25,2026-02-27 09:55:10,R6540
O691,241,cancelled,37,2026-03-17 09:55:10,R5426
O692,304,delivered,26,2026-03-14 09:55:10,R4879
O693,125,cancelled,54,2026-03-08 09:55:10,R7825
O694,291,delivered,31,2026-03-01 09:55:10,R4164
O695,111,cancelled,40,2026-03-25 09:55:10,R1452
O696,237,delivered,55,2026-03-17 09:55:10,R312
O697,133,delivered,59,2026-03-10 09:55:10,R3819
O698,498,cancelled,28,2026-03-18 09:55:10,R5653
O699,228,cancelled,20,2026-03-10 09:55:10,R2660
O700,426,delivered,25,2026-03-12 09:55:10,R1798
O701,353,cancelled,48,2026-03-17 09:55:10,R1864
O702,292,delivered,37,2026-02-28 09:55:10,R4187
O703,318,delivered,40,2026-02-28 09:55:10,R1405
O704,396,cancelled,46,2026-03-23 09:55:10,R4292
O705,334,delivered,54,2026-03-11 09:55:10,R2456
O706,305,cancelled,41,2026-03-25 09:55:10,R5763
O707,257,cancelled,54,2026-03-04 09:55:10,R1294
O708,291,cancelled,41,2026-03-23 09:55:10,R6556
O709,220,cancelled,60,2026-03-12 09:55:10,R3756
O710,328,cancelled,35,2026-03-21 09:55:10,R8718
O711,458,delivered,37,2026-03-17 09:55:10,R8101
O712,395,cancelled,40,2026-03-12 09:55:10,R6410
O713,474,delivered,45,2026-03-03 09:55:10,R7976
O714,322,delivered,21,2026-03-10 09:55:10,R5189
O715,125,delivered,34,2026-03-20 09:55:10,R6390
O716,359,delivered,50,2026-03-03 09:55:10,R3895
O717,295,cancelled,58,2026-03-05 09:55:10,R7645
O718,142,cancelled,59,2026-03-04 09:55:10,R848
O719,377,cancelled,53,2026-03-23 09:55:10,R8958
O720,222,cancelled,45,2026-03-08 09:55:10,R8645
O721,213,delivered,44,2026-03-05 09:55:10,R7966
O722,261,cancelled,52,2026-03-05 09:55:10,R8011
O723,328,delivered,55,2026-03-05 09:55:10,R7381
O724,114,cancelled,49,2026-03-04 09:55:10,R6096
O725,303,cancelled,30,2026-03-26 09:55:10,R8989
O726,471,delivered,41,2026-03-22 09:55:10,R2855
O727,416,delivered,50,2026-03-22 09:55:10,R2415
O728,349,cancelled,47,2026-03-06 09:55:10,R2311
O729,389,delivered,44,2026-03-09 09:55:10,R682
O730,354,cancelled,31,2026-03-05 09:55:10,R519
O731,342,delivered,45,2026-03-26 09:55:10,R3543
O732,454,cancelled,56,2026-03-21 09:55:10,R9095
O733,279,cancelled,21,2026-03-03 09:55:10,R7915
O734,316,cancelled,45,2026-03-14 09:55:10,R6702
O735,119,delivered,38,2026-03-18 09:55:10,R7606
O736,483,delivered,43,2026-03-23 09:55:10,R8197
O737,314,delivered,46,2026-03-17 09:55:10,R4339
O738,236,delivered,32,2026-03-15 09:55:10,R4827
O739,402,delivered,45,2026-03-12 09:55:10,R1202
O740,357,delivered,31,2026-03-05 09:55:10,R5246
O741,365,delivered,46,2026-03-12 09:55:10,R7894
O742,169,delivered,45,2026-03-19 09:55:10,R8212
O743,162,delivered,36,2026-03-06 09:55:10,R1657
O744,494,delivered,60,2026-03-20 09:55:10,R4640
O745,154,cancelled,41,2026-03-20 09:55:10,R3452
O746,468,delivered,23,2026-03-01 09:55:10,R4830
O747,209,cancelled,53,2026-03-03 09:55:10,R3872
O748,170,delivered,43,2026-03-07 09:55:10,R4972
O749,452,cancelled,33,2026-02-27 09:55:10,R5402
O750,423,delivered,43,2026-03-13 09:55:10,R4947
O751,254,cancelled,38,2026-03-18 09:55:10,R3252
O752,201,cancelled,35,2026-03-04 09:55:10,R9174
O753,369,delivered,29,2026-02-28 09:55:10,R5079
O754,395,delivered,20,2026-03-12 09:55:10,R580
O755,361,cancelled,44,2026-03-23 09:55:10,R697
O756,437,delivered,48,2026-02-27 09:55:10,R4268
O757,355,cancelled,40,2026-02-27 09:55:10,R3318
O758,301,delivered,35,2026-03-02 09:55:10,R6101
O759,229,delivered,37,2026-03-10 09:55:10,R7432
O760,150,cancelled,58,2026-03-05 09:55:10,R2857
O761,487,cancelled,33,2026-03-03 09:55:10,R522
O762,369,delivered,26,2026-03-14 09:55:10,R3920
O763,185,delivered,42,2026-02-27 09:55:10,R3392
O764,220,delivered,30,2026-03-17 09:55:10,R1650
O765,483,delivered,47,2026-03-19 09:55:10,R6336
O766,334,delivered,35,2026-03-02 09:55:10,R1909
O767,240,cancelled,57,2026-03-28 09:55:10,R1649
O768,445,delivered,44,2026-03-06 09:55:10,R3894
O769,432,delivered,48,2026-03-19 09:55:10,R7986
O770,226,cancelled,36,2026-03-25 09:55:10,R3707
O771,196,cancelled,59,2026-03-21 09:55:10,R4916
O772,441,delivered,25,2026-03-20 09:55:10,R4811
O773,315,cancelled,40,2026-03-13 09:55:10,R269
O774,275,delivered,49,2026-03-15 09:55:10,R186
O775,317,cancelled,50,2026-03-03 09:55:10,R4019
O776,450,cancelled,44,2026-03-01 09:55:10,R2906
O777,489,delivered,24,2026-02-28 09:55:10,R1644
O778,464,cancelled,39,2026-03-26 09:55:10,R3745
O779,292,delivered,22,2026-03-22 09:55:10,R8485
O780,308,cancelled,22,2026-03-13 09:55:10,R4490
O781,310,delivered,34,2026-03-04 09:55:10,R7586
O782,159,cancelled,59,2026-03-11 09:55:10,R4965
O783,292,cancelled,52,2026-03-12 09:55:10,R1598
O784,290,delivered,51,2026-02-27 09:55:10,R8396
O785,491,delivered,32,2026-02-28 09:55:10,R3371
O786,163,delivered,32,2026-03-12 09:55:10,R8078
O787,151,cancelled,25,2026-03-11 09:55:10,R5827
O788,313,cancelled,29,2026-02-28 09:55:10,R4210
O789,258,cancelled,37,2026-03-20 09:55:10,R6653
O790,297,delivered,58,2026-02-28 09:55:10,R3724
O791,365,cancelled,55,2026-03-26 09:55:10,R5880
O792,334,delivered,51,2026-03-16 09:55:10,R6860
O793,119,delivered,28,2026-03-08 09:55:10,R6756
O794,391,delivered,26,2026-03-03 09:55:10,R4751
O795,224,delivered,36,2026-03-23 09:55:10,R2699
O796,242,delivered,31,2026-03-10 09:55:10,R747
O797,306,delivered,20,2026-03-03 09:55:10,R533
O798,108,delivered,29,2026-03-11 09:55:10,R7874
O799,238,cancelled,51,2026-03-11 09:55:10,R7531
O800,224,delivered,37,2026-02-27 09:55:10,R2744
O801,153,cancelled,47,2026-03-23 09:55:10,R3593
O802,286,cancelled,22,2026-03-05 09:55:10,R46
O803,116,cancelled,51,2026-03-22 09:55:10,R7598
O804,392,cancelled,54,2026-03-26 09:55:10,R6973
O805,264,cancelled,26,2026-03-01 09:55:10,R1183
O806,306,delivered,45,2026-03-28 09:55:10,R7854
O807,424,cancelled,45,2026-03-15 09:55:10,R4622
O808,200,cancelled,23,2026-03-22 09:55:10,R8689
O809,138,cancelled,38,2026-03-02 09:55:10,R9016
O810,264,cancelled,52,2026-03-07 09:55:10,R6844
O811,223,cancelled,35,2026-03-07 09:55:10,R8774
O812,237,cancelled,29,2026-03-18 09:55:10,R2538
O813,408,delivered,32,2026-03-23 09:55:10,R4271
O814,242,delivered,47,2026-03-27 09:55:10,R3190
O815,369,delivered,58,2026-03-25 09:55:10,R5084
O816,267,cancelled,34,2026-03-25 09:55:10,R5473
O817,313,cancelled,46,2026-03-21 09:55:10,R9091
O818,338,cancelled,52,2026-03-08 09:55:10,R5498
O819,407,cancelled,41,2026-03-20 09:55:10,R4029
O820,268,cancelled,33,2026-03-27 09:55:10,R5577
O821,356,delivered,23,2026-03-09 09:55:10,R4184
O822,169,delivered,59,2026-02-27 09:55:10,R3909
O823,289,cancelled,54,2026-03-06 09:55:10,R5318
O824,465,delivered,49,2026-03-27 09:55:10,R1089
O825,479,delivered,33,2026-03-12 09:55:10,R6672
O826,356,delivered,58,2026-03-07 09:55:10,R241
O827,192,cancelled,23,2026-03-03 09:55:10,R5951
O828,120,cancelled,59,2026-02-28 09:55:10,R1651
O829,212,delivered,33,2026-03-13 09:55:10,R2947
O830,300,delivered,23,2026-03-06 09:55:10,R5186
O831,222,cancelled,33,2026-03-01 09:55:10,R2705
O832,160,cancelled,46,2026-03-07 09:55:10,R7431
O833,186,cancelled,56,2026-03-15 09:55:10,R7168
O834,186,cancelled,41,2026-03-20 09:55:10,R844
O835,255,delivered,26,2026-03-04 09:55:10,R2921
O836,458,delivered,20,2026-03-04 09:55:10,R8479
O837,477,delivered,54,2026-03-23 09:55:10,R3416
O838,435,cancelled,36,2026-03-08 09:55:10,R4030
O839,272,cancelled,58,2026-03-04 09:55:10,R6297
O840,202,cancelled,25,2026-03-28 09:55:10,R5858
O841,365,cancelled,59,2026-03-28 09:55:10,R3552
O842,175,cancelled,22,2026-03-15 09:55:10,R156
O843,253,delivered,32,2026-03-21 09:55:10,R4210
O844,239,delivered,60,2026-03-08 09:55:10,R8401
O845,373,cancelled,43,2026-03-02 09:55:10,R8523
O846,427,cancelled,40,2026-03-27 09:55:10,R941
O847,187,delivered,21,2026-03-10 09:55:10,R2033
O848,463,cancelled,36,2026-03-23 09:55:10,R6389
O849,364,delivered,47,2026-03-17 09:55:10,R6938
O850,388,delivered,57,2026-03-22 09:55:10,R7269
O851,172,cancelled,21,2026-03-12 09:55:10,R7816
O852,468,cancelled,54,2026-03-22 09:55:10,R6658
O853,155,cancelled,30,2026-02-27 09:55:10,R6900
O854,141,delivered,26,2026-03-03 09:55:10,R3670
O855,108,delivered,60,2026-03-13 09:55:10,R3848
O856,256,cancelled,44,2026-03-11 09:55:10,R1264
O857,269,cancelled,32,2026-03-24 09:55:10,R1290
O858,457,delivered,24,2026-03-18 09:55:10,R7717
O859,350,delivered,24,2026-03-09 09:55:10,R6374
O860,352,delivered,46,2026-03-21 09:55:10,R599
O861,206,cancelled,57,2026-03-07 09:55:10,R12
O862,407,delivered,53,2026-03-22 09:55:10,R7311
O863,424,cancelled,42,2026-03-21 09:55:10,R1782
O864,305,delivered,23,2026-03-27 09:55:10,R3770
O865,182,cancelled,41,2026-03-23 09:55:10,R4814
O866,239,delivered,57,2026-03-25 09:55:10,R4550
O867,248,delivered,58,2026-03-25 09:55:10,R4221
O868,149,cancelled,37,2026-03-20 09:55:10,R2058
O869,145,cancelled,43,2026-03-17 09:55:10,R2010
O870,252,delivered,24,2026-03-06 09:55:10,R3910
O871,124,cancelled,39,2026-03-06 09:55:10,R6031
O872,337,cancelled,48,2026-03-26 09:55:10,R7456
O873,392,delivered,49,2026-03-26 09:55:10,R7936
O874,429,cancelled,28,2026-03-18 09:55:10,R4338
O875,122,delivered,39,2026-03-21 09:55:10,R4634
O876,146,delivered,28,2026-03-21 09:55:10,R7619
O877,301,cancelled,52,2026-03-23 09:55:10,R2606
O878,354,cancelled,21,2026-03-03 09:55:10,R140
O879,169,delivered,24,2026-03-12 09:55:10,R5468
O880,114,delivered,26,2026-03-23 09:55:10,R7684
O881,302,cancelled,43,2026-03-21 09:55:10,R1909
O882,199,cancelled,40,2026-02-28 09:55:10,R8541
O883,385,cancelled,29,2026-03-07 09:55:10,R298
O884,122,cancelled,28,2026-03-20 09:55:10,R1937
O885,238,cancelled,25,2026-02-27 09:55:10,R8706
O886,400,cancelled,29,2026-03-21 09:55:10,R6563
O887,260,cancelled,40,2026-03-18 09:55:10,R8244
O888,110,delivered,25,2026-03-08 09:55:10,R4439
O889,164,delivered,34,2026-03-08 09:55:10,R5222
O890,425,cancelled,23,2026-03-03 09:55:10,R7178
O891,266,cancelled,49,2026-03-21 09:55:10,R2291
O892,450,delivered,56,2026-03-28 09:55:10,R1865
O893,448,delivered,52,2026-03-26 09:55:10,R5956
O894,454,delivered,20,2026-03-04 09:55:10,R8901
O895,342,delivered,20,2026-03-03 09:55:10,R1535
O896,326,delivered,21,2026-03-14 09:55:10,R2396
O897,211,cancelled,40,2026-03-16 09:55:10,R4170
O898,253,cancelled,41,2026-02-28 09:55:10,R5410
O899,454,delivered,40,2026-03-07 09:55:10,R3739
O900,380,cancelled,37,2026-03-20 09:55:10,R7494
O901,102,cancelled,37,2026-03-10 09:55:10,R2471
O902,481,cancelled,24,2026-03-22 09:55:10,R4327
O903,234,delivered,23,2026-03-05 09:55:10,R2912
O904,232,cancelled,45,2026-03-02 09:55:10,R4350
O905,273,delivered,29,2026-03-06 09:55:10,R3369
O906,443,delivered,52,2026-03-22 09:55:10,R4092
O907,137,delivered,55,2026-03-24 09:55:10,R4794
O908,255,delivered,50,2026-03-05 09:55:10,R2927
O909,439,cancelled,58,2026-03-05 09:55:10,R2195
O910,122,cancelled,56,2026-03-18 09:55:10,R1539
O911,284,cancelled,46,2026-03-28 09:55:10,R5113
O912,236,delivered,43,2026-02-27 09:55:10,R8395
O913,227,cancelled,26,2026-03-09 09:55:10,R7792
O914,201,delivered,49,2026-03-21 09:55:10,R4872
O915,488,delivered,24,2026-03-15 09:55:10,R1221
O916,224,delivered,31,2026-03-06 09:55:10,R5107
O917,272,cancelled,27,2026-03-12 09:55:10,R115
O918,292,cancelled,20,2026-03-14 09:55:10,R7630
O919,316,cancelled,58,2026-03-02 09:55:10,R1399
O920,497,cancelled,33,2026-03-06 09:55:10,R6009
O921,110,cancelled,38,2026-03-28 09:55:10,R4239
O922,281,cancelled,58,2026-03-14 09:55:10,R593
O923,498,delivered,32,2026-02-28 09:55:10,R283
O924,325,cancelled,37,2026-02-28 09:55:10,R6321
O925,291,delivered,57,2026-03-10 09:55:10,R3450
O926,224,cancelled,35,2026-03-01 09:55:10,R3589
O927,408,cancelled,25,2026-03-09 09:55:10,R1902
O928,185,cancelled,43,2026-03-03 09:55:10,R6892
O929,234,delivered,36,2026-03-11 09:55:10,R6213
O930,302,delivered,26,2026-02-28 09:55:10,R8954
O931,413,delivered,25,2026-03-02 09:55:10,R3700
O932,390,delivered,40,2026-03-23 09:55:10,R230
O933,397,cancelled,46,2026-03-01 09:55:10,R747
O934,326,delivered,46,2026-03-18 09:55:10,R7042
O935,461,cancelled,38,2026-03-20 09:55:10,R3047
O936,401,delivered,42,2026-03-06 09:55:10,R2668
O937,453,delivered,60,2026-03-27 09:55:10,R5334
O938,352,cancelled,57,2026-03-08 09:55:10,R7827
O939,280,cancelled,24,2026-03-01 09:55:10,R4828
O940,198,delivered,31,2026-03-15 09:55:10,R1229
O941,409,delivered,36,2026-03-05 09:55:10,R5151
O942,233,cancelled,53,2026-03-12 09:55:10,R721
O943,149,delivered,56,2026-03-20 09:55:10,R1001
O944,467,delivered,42,2026-03-23 09:55:10,R2479
O945,188,delivered,38,2026-03-15 09:55:10,R1136
O946,460,delivered,45,2026-03-08 09:55:10,R937
O947,409,delivered,21,2026-03-13 09:55:10,R7641
O948,416,delivered,53,2026-03-15 09:55:10,R3503
O949,227,delivered,27,2026-03-27 09:55:10,R8653
O950,333,delivered,44,2026-03-08 09:55:10,R2871
O951,342,cancelled,42,2026-03-04 09:55:10,R1034
O952,446,delivered,20,2026-03-06 09:55:10,R7158
O953,393,delivered,42,2026-03-09 09:55:10,R1490
O954,297,delivered,50,2026-03-04 09:55:10,R2367
O955,356,cancelled,44,2026-03-24 09:55:10,R7074
O956,111,cancelled,47,2026-03-23 09:55:10,R2437
O957,316,cancelled,21,2026-03-17 09:55:10,R4291
O958,269,cancelled,31,2026-03-20 09:55:10,R6438
O959,435,delivered,25,2026-03-11 09:55:10,R1199
O960,460,delivered,34,2026-03-23 09:55:10,R673
O961,186,cancelled,40,2026-03-05 09:55:10,R54
O962,458,cancelled,46,2026-03-28 09:55:10,R3686
O963,143,cancelled,27,2026-03-21 09:55:10,R7312
O964,106,cancelled,53,2026-03-27 09:55:10,R3645
O965,169,cancelled,45,2026-03-25 09:55:10,R3030
O966,277,cancelled,42,2026-03-18 09:55:10,R8754
O967,348,cancelled,36,2026-03-09 09:55:10,R6925
O968,491,cancelled,59,2026-03-28 09:55:10,R200
O969,193,delivered,48,2026-02-27 09:55:10,R4080
O970,467,cancelled,57,2026-03-24 09:55:10,R58
O971,345,cancelled,25,2026-03-18 09:55:10,R2500
O972,486,delivered,41,2026-03-11 09:55:10,R392
O973,155,delivered,46,2026-03-25 09:55:10,R22
O974,445,delivered,58,2026-02-28 09:55:10,R6824
O975,453,cancelled,31,2026-03-13 09:55:10,R8218
O976,313,delivered,35,2026-03-03 09:55:10,R7903
O977,238,cancelled,49,2026-03-05 09:55:10,R1161
O978,263,delivered,57,2026-03-24 09:55:10,R8016
O979,177,cancelled,22,2026-03-17 09:55:10,R5139
O980,391,delivered,59,2026-03-11 09:55:10,R4865
O981,441,cancelled,22,2026-03-13 09:55:10,R7862
O982,327,cancelled,34,2026-03-18 09:55:10,R3757
O983,282,delivered,47,2026-03-06 09:55:10,R1333
O984,435,cancelled,37,2026-03-07 09:55:10,R5244
O985,463,delivered,36,2026-03-23 09:55:10,R4834
O986,249,cancelled,57,2026-03-21 09:55:10,R4159
O987,380,delivered,53,2026-02-28 09:55:10,R1569
O988,151,delivered,33,2026-03-26 09:55:10,R3517
O989,427,cancelled,22,2026-03-15 09:55:10,R2464
O990,274,cancelled,56,2026-03-07 09:55:10,R2546
O991,481,delivered,55,2026-03-28 09:55:10,R3267
O992,316,cancelled,44,2026-03-21 09:55:10,R4646
O993,451,cancelled,31,2026-03-08 09:55:10,R3614
O994,141,cancelled,25,2026-03-10 09:55:10,R1720
O995,155,delivered,22,2026-03-03 09:55:10,R5509
O996,340,delivered,58,2026-03-14 09:55:10,R9097
O997,109,delivered,30,2026-03-03 09:55:10,R2617
O998,383,cancelled,48,2026-03-09 09:55:10,R2160
O999,427,cancelled,57,2026-03-09 09:55:10,R7166
O1000,108,delivered,34,2026-03-27 09:55:10,R7429
